data;ricoverati_con_sintomi;terapia_intensiva;totale_ospedalizzati;isolamento_domiciliare;totale_positivi;variazione_totale_positivi;nuovi_positivi;dimessi_guariti;deceduti;casi_da_sospetto_diagnostico;casi_da_screening;totale_casi;tamponi;casi_testati;CASI TESTATI GIORNALIERI;TAMPONI GIORNALIERI;CONTAGI PONDERATI (TAMPONI);CONTAGI PONDERATI (CON CASI TESTATI);PERCENTUALE CONTAGI GIORNALIERI;ISOLAMENTI DOMICILIARE GIORNALIERI;TERAPIE INTENSIVE GIORNALIERE;RICOVERI GIORNALIERI;GUARITI GIORNALIERI;DECEDUTI GIORNALIERI;RICOVERATI;TERAPIA INTENSIVA;ISOLAMENTO DOMICILIARE;GUARITI;DECESSI;POSITIVI;CASI TESTATI ;TAMPONI EFFETTUATI;PERCENTUALI POSITIVI;TOTALI POSITIVI;TOTALI RICOVERATI;TOTALI TERAPIA INTENSIVA;TOTALI ISOLAMENTO DOMICILIARE
24/02/2020;0;0;0;0;0;0;0;0;0;;;0;5;;#VALORE!;#VALORE!;#VALORE!;;#VALORE!;#VALORE!;#VALORE!;#VALORE!;#VALORE!;#VALORE!;14;2;985;385;36;1422;4517;7416;27,98187409;28807;1476;217;27114
25/02/2020;1;0;1;2;3;3;3;0;0;;;3;5;;#VALORE!;0;0;#VALORE!;#VALORE!;2;0;1;0;0;;;;;;;;;;;;;
26/02/2020;1;0;1;2;3;0;0;0;0;;;3;5;;#VALORE!;0;0;#VALORE!;#VALORE!;0;0;0;0;0;;;;;;;;;;;;;
27/02/2020;1;0;1;1;2;-1;1;2;0;;;4;5;;#VALORE!;0;0;#VALORE!;#VALORE!;-1;0;0;2;0;;;;;;;;;;;;;
28/02/2020;1;0;1;1;2;0;0;2;0;;;4;5;;#VALORE!;0;0;#VALORE!;#VALORE!;0;0;0;0;0;;;;;;;;;;;;;
29/02/2020;1;0;1;1;2;0;0;2;0;;;4;6;;#VALORE!;1;0;#VALORE!;#VALORE!;0;0;0;0;0;;;;;;;;;;;;;
01/03/2020;1;0;1;6;7;5;5;2;0;;;9;291;;#VALORE!;285;4,896907216;#VALORE!;#VALORE!;5;0;0;0;0;;;;;;;;;;;;;
02/03/2020;2;0;2;3;5;-2;-2;2;0;;;7;307;;#VALORE!;16;-0,104234528;#VALORE!;#VALORE!;-3;0;1;0;0;;;;;;;;;;;;;
03/03/2020;2;0;2;3;5;0;0;2;0;;;7;307;;#VALORE!;0;0;#VALORE!;#VALORE!;0;0;0;0;0;;;;;;;;;;;;;
04/03/2020;5;0;5;11;16;11;11;2;0;;;18;367;;#VALORE!;60;1,798365123;#VALORE!;#VALORE!;8;0;3;0;0;;;;;;;;;;;;;
05/03/2020;5;0;5;11;16;0;0;2;0;;;18;367;;#VALORE!;0;0;#VALORE!;#VALORE!;0;0;0;0;0;;;;;;;;;;;;;
06/03/2020;7;0;7;15;22;6;6;2;0;;;24;367;;#VALORE!;0;0;#VALORE!;#VALORE!;4;0;2;0;0;;;;;;;;;;;;;
07/03/2020;8;0;8;25;33;11;11;2;0;;;35;643;;#VALORE!;276;4,721617418;#VALORE!;#VALORE!;10;0;1;0;0;;;;;;;;;;;;;
08/03/2020;18;0;18;33;51;18;18;2;0;;;53;791;;#VALORE!;148;3,367888748;#VALORE!;#VALORE!;8;0;10;0;0;;;;;;;;;;;;;
09/03/2020;19;0;19;33;52;1;1;2;0;;;54;836;;#VALORE!;45;0,053827751;#VALORE!;#VALORE!;0;0;1;0;0;;;;;;;;;;;;;
10/03/2020;17;2;19;41;60;8;8;2;0;;;62;955;;#VALORE!;119;0,996858639;#VALORE!;#VALORE!;8;2;-2;0;0;;;;;;;;;;;;;
11/03/2020;23;1;24;57;81;21;21;2;0;;;83;1194;;#VALORE!;239;4,203517588;#VALORE!;#VALORE!;16;-1;6;0;0;;;;;;;;;;;;;
12/03/2020;28;5;33;78;111;30;32;2;2;;;115;1477;;#VALORE!;283;6,131347326;#VALORE!;#VALORE!;21;4;5;0;2;;;;;;;;;;;;;
13/03/2020;37;7;44;82;126;15;15;2;2;;;130;1950;;#VALORE!;473;3,638461538;#VALORE!;#VALORE!;4;2;9;0;0;;;;;;;;;;;;;
14/03/2020;42;11;53;97;150;24;26;4;2;;;156;2100;;#VALORE!;150;1,857142857;#VALORE!;#VALORE!;15;4;5;2;0;;;;;;;;;;;;;
15/03/2020;56;15;71;108;179;29;32;7;2;;;188;2452;;#VALORE!;352;4,593800979;#VALORE!;#VALORE!;11;4;14;3;0;;;;;;;;;;;;;
16/03/2020;75;20;95;108;203;24;25;8;2;;;213;2653;;#VALORE!;201;1,894082171;#VALORE!;#VALORE!;0;5;19;1;0;;;;;;;;;;;;;
17/03/2020;86;28;114;112;226;23;24;8;3;;;237;2916;;#VALORE!;263;2,164609053;#VALORE!;#VALORE!;4;8;11;0;1;;;;;;;;;;;;;
18/03/2020;100;29;129;138;267;41;45;12;3;;;282;3294;;#VALORE!;378;5,163934426;#VALORE!;#VALORE!;26;1;14;4;0;;;;;;;;;;;;;
19/03/2020;143;36;179;142;321;54;58;15;4;;;340;3961;;#VALORE!;667;9,766725574;#VALORE!;#VALORE!;4;7;43;3;1;;;;;;;;;;;;;
20/03/2020;168;42;210;169;379;58;68;25;4;;;408;4468;;#VALORE!;507;7,716204118;#VALORE!;#VALORE!;27;6;25;10;0;;;;;;;;;;;;;
21/03/2020;206;48;254;204;458;79;82;26;6;;;490;4883;;#VALORE!;415;6,969076387;#VALORE!;#VALORE!;35;6;38;1;2;;;;;;;;;;;;;
22/03/2020;220;55;275;321;596;138;140;26;8;;;630;5580;;#VALORE!;697;17,4874552;#VALORE!;#VALORE!;117;7;14;0;2;;;;;;;;;;;;;
23/03/2020;250;60;310;371;681;85;91;27;13;;;721;6375;;#VALORE!;795;11,34823529;#VALORE!;#VALORE!;50;5;30;1;5;;;;;;;;;;;;;
24/03/2020;250;60;310;489;799;118;125;27;20;;;846;7170;;#VALORE!;795;13,85983264;#VALORE!;#VALORE!;118;0;0;0;7;;;;;;;;;;;;;
25/03/2020;259;80;339;597;936;137;148;33;25;;;994;8312;;#VALORE!;1142;20,33397498;#VALORE!;#VALORE!;108;20;9;6;5;;;;;;;;;;;;;
26/03/2020;346;68;414;681;1095;159;170;36;33;;;1164;9658;;#VALORE!;1346;23,69227583;#VALORE!;#VALORE!;84;-12;87;3;8;;;;;;;;;;;;;
27/03/2020;425;75;500;658;1158;63;86;53;39;;;1250;11079;;#VALORE!;1421;11,03041791;#VALORE!;#VALORE!;-23;7;79;17;6;;;;;;;;;;;;;
28/03/2020;441;71;512;730;1242;84;109;60;57;;;1359;13096;;#VALORE!;2017;16,7877978;#VALORE!;#VALORE!;72;-4;16;7;18;;;;;;;;;;;;;
29/03/2020;451;71;522;808;1330;88;101;65;65;;;1460;13814;;#VALORE!;718;5,249601853;#VALORE!;#VALORE!;78;0;10;5;8;;;;;;;;;;;;;
30/03/2020;484;75;559;849;1408;78;95;71;76;;;1555;14758;;#VALORE!;944;6,07670416;#VALORE!;#VALORE!;41;4;33;6;11;;;;;;;;;;;;;
31/03/2020;503;72;575;917;1492;84;92;74;81;;;1647;15634;;#VALORE!;876;5,154918767;#VALORE!;#VALORE!;68;-3;19;3;5;;;;;;;;;;;;;
01/04/2020;496;72;568;976;1544;52;71;86;88;;;1718;16836;;#VALORE!;1202;5,069018769;#VALORE!;#VALORE!;59;0;-7;12;7;;;;;;;;;;;;;
02/04/2020;503;73;576;1030;1606;62;73;92;93;;;1791;17833;;#VALORE!;997;4,081253855;#VALORE!;#VALORE!;54;1;7;6;5;;;;;;;;;;;;;
03/04/2020;535;73;608;1056;1664;58;68;94;101;;;1859;18686;;#VALORE!;853;3,104142138;#VALORE!;#VALORE!;26;0;32;2;8;;;;;;;;;;;;;
04/04/2020;553;74;627;1099;1726;62;73;95;111;;;1932;19896;;#VALORE!;1210;4,439585846;#VALORE!;#VALORE!;43;1;18;1;10;;;;;;;;;;;;;
05/04/2020;556;76;632;1142;1774;48;62;104;116;;;1994;21904;;#VALORE!;2008;5,683710738;#VALORE!;#VALORE!;43;2;3;9;5;;;;;;;;;;;;;
06/04/2020;563;74;637;1178;1815;41;52;108;123;;;2046;23464;;#VALORE!;1560;3,457211047;#VALORE!;#VALORE!;36;-2;7;4;7;;;;;;;;;;;;;
07/04/2020;562;73;635;1224;1859;44;51;113;125;;;2097;24857;;#VALORE!;1393;2,85806815;#VALORE!;#VALORE!;46;-1;-1;5;2;;;;;;;;;;;;;
08/04/2020;563;65;628;1265;1893;34;62;133;133;;;2159;27438;;#VALORE!;2581;5,832130622;#VALORE!;#VALORE!;41;-8;1;20;8;;;;;;;;;;;;;
09/04/2020;566;63;629;1313;1942;49;73;152;138;;;2232;28742;;#VALORE!;1304;3,311947672;#VALORE!;#VALORE!;48;-2;3;19;5;;;;;;;;;;;;;
10/04/2020;568;62;630;1337;1967;25;70;187;148;;;2302;31156;;#VALORE!;2414;5,423674413;#VALORE!;#VALORE!;24;-1;2;35;10;;;;;;;;;;;;;
11/04/2020;562;58;620;1381;2001;34;62;209;154;;;2364;33787;;#VALORE!;2631;4,827951579;#VALORE!;#VALORE!;44;-4;-6;22;6;;;;;;;;;;;;;
12/04/2020;552;53;605;1425;2030;29;52;223;163;;;2416;36098;;#VALORE!;2311;3,329048701;#VALORE!;#VALORE!;44;-5;-10;14;9;;;;;;;;;;;;;
13/04/2020;554;51;605;1445;2050;20;42;237;171;;;2458;37311;;#VALORE!;1213;1,365441827;#VALORE!;#VALORE!;20;-2;2;14;8;;;;;;;;;;;;;
14/04/2020;552;53;605;1466;2071;21;43;255;175;;;2501;37877;;#VALORE!;566;0,642553529;#VALORE!;#VALORE!;21;2;-2;18;4;;;;;;;;;;;;;
15/04/2020;541;49;590;1491;2081;10;34;273;181;;;2535;39867;;#VALORE!;1990;1,697143;#VALORE!;#VALORE!;25;-4;-11;18;6;;;;;;;;;;;;;
16/04/2020;525;48;573;1535;2108;27;44;284;187;;;2579;42405;;#VALORE!;2538;2,633463035;#VALORE!;#VALORE!;44;-1;-16;11;6;;;;;;;;;;;;;
17/04/2020;521;46;567;1572;2139;31;46;296;190;;;2625;45172;;#VALORE!;2767;2,817718941;#VALORE!;#VALORE!;37;-2;-4;12;3;;;;;;;;;;;;;
18/04/2020;526;42;568;1603;2171;32;47;305;196;;;2672;47715;;#VALORE!;2543;2,504893639;#VALORE!;#VALORE!;31;-4;5;9;6;;;;;;;;;;;;;
19/04/2020;522;41;563;1639;2202;31;45;315;200;;;2717;49772;49772;#VALORE!;2057;1,8597806;#VALORE!;#VALORE!;36;-1;-4;10;4;;;;;;;;;;;;;
20/04/2020;526;39;565;1645;2210;8;42;346;203;;;2759;51373;51373;1601;1601;1,30889767;1,30889767;#VALORE!;6;-2;4;31;3;;;;;;;;;;;;;
21/04/2020;514;37;551;1708;2259;49;76;370;206;;;2835;55093;55093;3720;3720;5,131686421;5,131686421;2,62;63;-2;-12;24;3;;;;;;;;;;;;;
22/04/2020;500;35;535;1752;2287;28;48;388;208;;;2883;58732;58732;3639;3639;2,974051624;2,974051624;2,04;44;-2;-14;18;2;;;;;;;;;;;;;
23/04/2020;476;34;510;1791;2301;14;43;412;213;;;2926;62150;62150;3418;3418;2,364827031;2,364827031;1,32;39;-1;-24;24;5;;;;;;;;;;;;;
24/04/2020;461;32;493;1827;2320;19;55;443;218;;;2981;65165;63626;1476;3015;2,544694238;1,275893503;1,26;36;-2;-15;31;5;;;;;;;;;;;;;
25/04/2020;452;33;485;1787;2272;-48;39;524;224;;;3020;68251;64892;1266;3086;1,763402734;0,760864205;3,73;-40;1;-9;81;6;;;;;;;;;;;;;
26/04/2020;445;33;478;1629;2107;-165;35;720;228;;;3055;70104;65689;797;1853;0,925125528;0,424652529;3,08;-158;0;-7;196;4;;;;;;;;;;;;;
27/04/2020;440;35;475;1648;2123;16;30;731;231;;;3085;70650;66749;1060;546;0,231847134;0,476411632;4,39;19;2;-5;11;3;;;;;;;;;;;;;
28/04/2020;428;34;462;1681;2143;20;35;745;232;;;3120;73008;68729;1980;2358;1,130424063;1,008307992;2,83;33;-1;-12;14;1;;;;;;;;;;;;;
29/04/2020;415;34;449;1696;2145;2;20;763;232;;;3140;75360;71301;2572;2352;0,624203822;0,721448507;1,77;15;0;-13;18;0;;;;;;;;;;;;;
30/04/2020;408;33;441;1716;2157;12;26;774;235;;;3166;79669;74541;3240;4309;1,406243332;1,130116312;0,78;20;-1;-7;11;3;;;;;;;;;;;;;
01/05/2020;399;30;429;1742;2171;14;28;786;237;;;3194;82860;77490;2949;3191;1,078300748;1,065582656;0,80;26;-3;-9;12;2;;;;;;;;;;;;;
02/05/2020;396;30;426;1760;2186;15;19;787;240;;;3213;84352;77590;100;1492;0,336067906;0,024487692;0,95;18;0;-3;1;3;;;;;;;;;;;;;
03/05/2020;383;29;412;1791;2203;17;27;795;242;;;3240;85955;78409;819;1603;0,503530917;0,282021197;19,00;31;-1;-13;8;2;;;;;;;;;;;;;
04/05/2020;376;27;403;1799;2202;-1;15;809;244;;;3255;87166;79336;927;1211;0,208395475;0,175267218;3,30;8;-2;-7;14;2;;;;;;;;;;;;;
05/05/2020;367;26;393;1809;2202;0;12;818;247;;;3267;91306;82079;2743;4140;0,54410444;0,401028278;1,62;10;-1;-9;9;3;;;;;;;;;;;;;
06/05/2020;359;25;384;1817;2201;-1;14;830;250;;;3281;92999;83908;1829;1693;0,254862956;0,305167564;0,44;8;-1;-8;12;3;;;;;;;;;;;;;
07/05/2020;349;21;370;1757;2127;-74;7;910;251;;;3288;95695;85674;1766;2696;0,197209886;0,14429115;0,77;-60;-4;-10;80;1;;;;;;;;;;;;;
08/05/2020;310;19;329;1798;2127;0;13;921;253;;;3301;98711;88497;2823;3016;0,397199907;0,414692023;0,40;41;-2;-39;11;2;;;;;;;;;;;;;
09/05/2020;277;17;294;1786;2080;-47;12;977;256;;;3313;101548;90885;2388;2837;0,335250325;0,315299554;0,46;-12;-2;-33;56;3;;;;;;;;;;;;;
10/05/2020;273;16;289;1780;2069;-11;14;1002;256;;;3327;102403;91748;863;855;0,116891107;0,131686794;0,50;-6;-1;-4;25;0;;;;;;;;;;;;;
11/05/2020;271;16;287;1775;2062;-7;12;1020;257;;;3339;103134;92609;861;731;0,085054395;0,111565831;1,62;-5;0;-2;18;1;;;;;;;;;;;;;
12/05/2020;234;15;249;1662;1911;-151;4;1171;261;;;3343;105017;94034;1425;1883;0,071721721;0,060616373;1,39;-113;-1;-37;151;4;;;;;;;;;;;;;
13/05/2020;212;13;225;1664;1889;-22;11;1203;262;;;3354;107991;96860;2826;2974;0,302932652;0,320937435;0,28;2;-2;-22;32;1;;;;;;;;;;;;;
14/05/2020;203;12;215;1639;1854;-35;12;1249;263;;;3366;111137;99900;3040;3146;0,339688852;0,365165165;0,39;-25;-1;-9;46;1;;;;;;;;;;;;;
15/05/2020;198;11;209;1551;1760;-94;8;1351;263;;;3374;112929;101487;1587;1792;0,12694702;0,125099766;0,39;-88;-1;-5;102;0;;;;;;;;;;;;;
16/05/2020;159;12;171;1488;1659;-101;8;1458;265;;;3382;114963;103103;1616;2034;0,141541192;0,125389174;0,50;-63;1;-39;107;2;;;;;;;;;;;;;
17/05/2020;145;13;158;1397;1555;-104;6;1566;267;;;3388;117426;105074;1971;2463;0,125849471;0,112549251;0,50;-91;1;-14;108;2;;;;;;;;;;;;;
18/05/2020;137;13;150;1389;1539;-16;7;1589;267;;;3395;118859;106277;1203;1433;0,084394114;0,079236335;0,30;-8;0;-8;23;0;;;;;;;;;;;;;
19/05/2020;125;12;137;1387;1524;-15;8;1611;268;;;3403;122040;109195;2918;3181;0,208521796;0,213782682;0,58;-2;-1;-12;22;1;;;;;;;;;;;;;
20/05/2020;118;11;129;1394;1523;-1;8;1620;268;;;3411;123573;110205;1010;1533;0,099244981;0,073317908;0,27;7;-1;-7;9;0;;;;;;;;;;;;;
21/05/2020;107;11;118;1404;1522;-1;6;1627;268;;;3417;127348;112329;2124;3775;0,177859095;0,113452448;0,79;10;0;-11;7;0;;;;;;;;;;;;;
22/05/2020;103;10;113;1406;1519;-3;4;1634;268;;;3421;129431;114230;1901;2083;0,064374068;0,066567452;0,28;2;-1;-4;7;0;;;;;;;;;;;;;
23/05/2020;95;9;104;1408;1512;-7;0;1640;269;;;3421;131913;116517;2287;2482;0;0;0,21;2;-1;-8;6;1;;;;;;;;;;;;;
24/05/2020;91;9;100;1353;1453;-59;2;1701;269;;;3423;133249;117242;725;1336;0,020052683;0,012367582;0,00;-55;0;-4;61;0;;;;;;;;;;;;;
25/05/2020;89;9;98;1335;1433;-20;4;1724;270;;;3427;135261;118208;966;2012;0,059499782;0,032688143;0,28;-18;0;-2;23;1;;;;;;;;;;;;;
26/05/2020;83;10;93;1337;1430;-3;3;1729;271;;;3430;137682;120206;1998;2421;0,052751994;0,049864399;0,41;2;1;-6;5;1;;;;;;;;;;;;;
27/05/2020;73;10;83;1235;1318;-112;5;1845;272;;;3435;140295;122130;1924;2613;0,0931252;0,078768525;0,15;-102;0;-10;116;1;;;;;;;;;;;;;
28/05/2020;72;8;80;1065;1145;-173;3;2021;272;;;3438;142516;122600;470;2221;0,046752645;0,011500816;0,26;-170;-2;-1;176;0;;;;;;;;;;;;;
29/05/2020;67;7;74;1063;1137;-8;2;2031;272;;;3440;145979;125340;2740;3463;0,04744518;0,043721079;0,64;-2;-1;-5;10;0;;;;;;;;;;;;;
30/05/2020;67;7;74;925;999;-138;2;2170;273;;;3442;148871;127725;2385;2892;0,038852429;0,03734586;0,07;-138;0;0;139;1;;;;;;;;;;;;;
31/05/2020;65;7;72;914;986;-13;1;2183;274;;;3443;150054;128717;992;1183;0,007883828;0,00770683;0,08;-11;0;-2;13;1;;;;;;;;;;;;;
01/06/2020;65;8;73;894;967;-19;0;2202;274;;;3443;151186;129103;386;1132;0;0;0,10;-20;1;0;19;0;;;;;;;;;;;;;
02/06/2020;62;7;69;897;966;-1;4;2206;275;;;3447;153417;130886;1783;2231;0,05816826;0,054490167;0,00;3;-1;-3;4;1;;;;;;;;;;;;;
03/06/2020;60;7;67;813;880;-86;0;2292;275;;;3447;154873;131820;934;1456;0;0;0,22;-84;0;-2;86;0;;;;;;;;;;;;;
04/06/2020;57;6;63;816;879;-1;0;2292;276;;;3447;157868;134035;2215;2995;0;0;0,00;3;-1;-3;0;1;;;;;;;;;;;;;
05/06/2020;54;6;60;812;872;-7;1;2300;276;;;3448;160639;136155;2120;2771;0,017249858;0,01557049;0,00;-4;0;-3;8;0;;;;;;;;;;;;;
06/06/2020;47;7;54;812;866;-6;2;2308;276;;;3450;163432;138343;2188;2793;0,034179353;0,031631525;0,05;0;1;-7;8;0;;;;;;;;;;;;;
07/06/2020;42;7;49;813;862;-4;1;2312;277;;;3451;164985;139481;1138;1553;0,009412977;0,008158817;0,09;1;0;-5;4;1;;;;;;;;;;;;;
08/06/2020;40;7;47;806;853;-9;1;2321;278;;;3452;165693;140109;628;708;0,004272963;0,004482225;0,09;-7;0;-2;9;1;;;;;;;;;;;;;
09/06/2020;39;6;45;808;853;0;2;2323;278;;;3454;168562;142495;2386;2869;0,034040887;0,033488894;0,16;2;-1;-1;2;0;;;;;;;;;;;;;
10/06/2020;40;6;46;807;853;0;1;2324;278;;;3455;171384;144193;1698;2822;0,016465948;0,011775884;0,08;-1;0;1;1;0;;;;;;;;;;;;;
11/06/2020;37;5;42;807;849;-4;0;2327;279;;;3455;174429;146290;2097;3045;0;0;0,06;0;-1;-3;3;1;;;;;;;;;;;;;
12/06/2020;34;3;37;804;841;-8;0;2335;279;;;3455;176233;147871;1581;1804;0;0;0,00;-3;-2;-3;8;0;;;;;;;;;;;;;
13/06/2020;33;3;36;806;842;1;1;2335;279;;;3456;178319;149516;1645;2086;0,011698136;0,011002167;0,00;2;0;-1;0;0;;;;;;;;;;;;;
14/06/2020;32;3;35;802;837;-5;1;2341;279;;;3457;179438;150233;717;1119;0,006236137;0,004772587;0,06;-4;0;-1;6;0;;;;;;;;;;;;;
15/06/2020;30;4;34;771;805;-32;1;2373;280;;;3458;180327;150982;749;889;0,004929933;0,004960856;0,14;-31;1;-2;32;1;;;;;;;;;;;;;
16/06/2020;32;4;36;770;806;1;2;2374;280;;;3460;182514;152670;1688;2187;0,023965285;0,022113054;0,13;-1;0;2;1;0;;;;;;;;;;;;;
17/06/2020;25;3;28;777;805;-1;2;2377;280;;;3462;184412;154287;1617;1898;0,020584344;0,020960936;0,12;7;-1;-7;3;0;;;;;;;;;;;;;
18/06/2020;24;3;27;610;637;-168;2;2547;280;;;3464;186253;155903;1616;1841;0,019768809;0,020730839;0,12;-167;0;-1;170;0;;;;;;;;;;;;;
19/06/2020;21;5;26;124;150;-487;3;2640;280;;;3070;187869;156719;816;1616;0,025805215;0,015620314;0,12;-486;2;-3;93;0;;;;;;;;;;;;;
20/06/2020;21;5;26;114;140;-10;0;2650;280;;;3070;189938;157946;1227;2069;0;0;0,37;-10;0;0;10;0;;;;;;;;;;;;;
21/06/2020;20;6;26;115;141;1;2;2651;280;;;3072;191042;158911;965;1104;0,011557668;0,012145163;0,00;1;1;-1;1;0;;;;;;;;;;;;;
22/06/2020;20;6;26;115;141;0;0;2651;280;;;3072;192138;159796;885;1096;0;0;0,21;0;0;0;0;0;;;;;;;;;;;;;
23/06/2020;17;5;22;110;132;-9;1;2661;280;;;3073;194935;161423;1627;2797;0,014348373;0,010079109;0,00;-5;-1;-3;10;0;;;;;;;;;;;;;
24/06/2020;17;5;22;110;132;0;1;2662;280;;;3074;197279;162675;1252;2344;0,01188165;0,007696327;0,06;0;0;0;1;0;;;;;;;;;;;;;
25/06/2020;17;5;22;108;130;-2;2;2666;280;2748;328;3076;199545;163991;1316;2266;0,022711669;0,016049661;0,08;-2;0;0;4;0;;;;;;;;;;;;;
26/06/2020;18;4;22;107;129;-1;0;2666;281;2748;328;3076;201836;165403;1412;2291;0;0;0,15;-1;-1;1;0;1;;;;;;;;;;;;;
27/06/2020;20;4;24;106;130;1;1;2666;281;2748;329;3077;204184;167299;1896;2348;0,011499432;0,011333003;0,00;-1;0;2;0;0;;;;;;;;;;;;;
28/06/2020;21;4;25;105;130;0;0;2666;281;2748;329;3077;205492;168323;1024;1308;0;0;0,05;-1;0;1;0;0;;;;;;;;;;;;;
29/06/2020;21;3;24;103;127;-3;1;2670;281;2748;330;3078;206550;169019;696;1058;0,005122246;0,00411788;0,00;-2;-1;0;4;0;;;;;;;;;;;;;
30/06/2020;19;3;22;106;128;1;2;2670;282;2749;331;3080;209071;171130;2111;2521;0,024116209;0,024671303;0,14;3;0;-2;0;1;;;;;;;;;;;;;
01/07/2020;18;3;21;105;126;-2;1;2673;282;2749;332;3081;211496;172947;1817;2425;0,011465938;0,010506109;0,09;-1;0;-1;3;0;;;;;;;;;;;;;
02/07/2020;17;3;20;114;134;8;9;2674;282;2749;341;3090;214317;174795;1848;2821;0,118464704;0,095151463;0,06;9;0;-1;1;0;;;;;;;;;;;;;
03/07/2020;16;2;18;117;135;1;1;2674;282;2749;342;3091;217147;176956;2161;2830;0,013032646;0,012212075;0,49;3;-1;-1;0;0;;;;;;;;;;;;;
04/07/2020;15;2;17;121;138;3;3;2674;282;2749;345;3094;219841;179117;2161;2694;0,036762933;0,036194219;0,05;4;0;-1;0;0;;;;;;;;;;;;;
05/07/2020;13;2;15;123;138;0;0;2674;282;2749;345;3094;221210;180132;1015;1369;0;0;0,14;2;0;-2;0;0;;;;;;;;;;;;;
06/07/2020;14;2;16;123;139;1;1;2674;282;2749;346;3095;222176;180811;679;966;0,004347904;0,003755302;0,00;0;0;1;0;0;;;;;;;;;;;;;
07/07/2020;12;0;12;128;140;1;1;2674;282;2749;347;3096;224783;182429;1618;2607;0,011597852;0,008869204;0,15;5;-2;-2;0;0;;;;;;;;;;;;;
08/07/2020;7;0;7;120;127;-13;1;2687;283;2749;348;3097;227239;184302;1873;2456;0,010808004;0,010162668;0,06;-8;0;-5;13;1;;;;;;;;;;;;;
09/07/2020;6;0;6;122;128;1;1;2687;283;2749;349;3098;229851;186170;1868;2612;0,011363884;0,01003384;0,05;2;0;-1;0;0;;;;;;;;;;;;;
10/07/2020;6;0;6;118;124;-4;0;2691;283;2749;349;3098;231767;187482;1312;1916;0;0;0,05;-4;0;0;4;0;;;;;;;;;;;;;
11/07/2020;6;0;6;117;123;-1;1;2693;283;2749;350;3099;233658;188817;1335;1891;0,008093025;0,007070338;0,00;-1;0;0;2;0;;;;;;;;;;;;;
12/07/2020;5;0;5;118;123;0;0;2693;283;2749;350;3099;235174;189943;1126;1516;0;0;0,07;1;0;-1;0;0;;;;;;;;;;;;;
13/07/2020;6;0;6;117;123;0;1;2694;283;2749;351;3100;235954;190293;350;780;0,003305729;0,001839269;0,00;-1;0;1;1;0;;;;;;;;;;;;;
14/07/2020;4;0;4;133;137;14;15;2695;283;2753;362;3115;238702;192474;2181;2748;0,172683932;0,169971009;0,29;16;0;-2;1;0;;;;;;;;;;;;;
15/07/2020;4;0;4;133;137;0;0;2695;283;2753;362;3115;240742;194142;1668;2040;0;0;0,69;0;0;0;0;0;;;;;;;;;;;;;
16/07/2020;6;0;6;148;154;17;17;2695;283;2753;379;3132;243037;195812;1670;2295;0,160531113;0,144986007;0,00;15;0;2;0;0;;;;;;;;;;;;;
17/07/2020;9;0;9;149;158;4;4;2695;283;2753;383;3136;245437;197335;1523;2400;0,039113907;0,030871361;1,02;1;0;3;0;0;;;;;;;;;;;;;
18/07/2020;14;0;14;148;162;4;4;2695;283;2753;387;3140;247379;198568;1233;1942;0,03140121;0,024837839;0,26;-1;0;5;0;0;;;;;;;;;;;;;
19/07/2020;11;1;12;150;162;0;2;2697;283;2753;389;3142;248851;199333;765;1472;0,011830372;0,007675598;0,32;2;1;-3;2;0;;;;;;;;;;;;;
20/07/2020;10;2;12;145;157;-5;2;2704;283;2753;391;3144;249824;200038;705;973;0,007789484;0,007048661;0,26;-5;1;-1;7;0;;;;;;;;;;;;;
21/07/2020;10;2;12;145;157;0;2;2706;283;2753;393;3146;252477;201700;1662;2653;0,021015776;0,016479921;0,28;0;0;0;2;0;;;;;;;;;;;;;
22/07/2020;10;3;13;148;161;4;7;2709;283;2758;395;3153;255152;203459;1759;2675;0,073387628;0,060518335;0,12;3;1;0;3;0;;;;;;;;;;;;;
23/07/2020;10;3;13;150;163;2;5;2712;283;2762;396;3158;257971;205508;2049;2819;0,054637924;0,049852074;0,40;2;0;0;3;0;;;;;;;;;;;;;
24/07/2020;11;2;13;157;170;7;8;2713;283;2765;401;3166;259946;206743;1235;1975;0,060781855;0,047788801;0,24;7;-1;1;1;0;;;;;;;;;;;;;
25/07/2020;15;2;17;164;181;11;13;2715;283;2770;409;3179;262154;208167;1424;2208;0,109492893;0,088928601;0,65;7;0;4;2;0;;;;;;;;;;;;;
26/07/2020;20;2;22;173;195;14;14;2715;283;2776;417;3193;263662;209196;1029;1508;0,080072214;0,068863649;0,91;9;0;5;0;0;;;;;;;;;;;;;
27/07/2020;22;4;26;168;194;-1;3;2719;283;2777;419;3196;264940;210021;825;1278;0,014471201;0,011784536;1,36;-5;2;2;4;0;;;;;;;;;;;;;
28/07/2020;29;2;31;175;206;12;19;2726;283;2782;433;3215;267962;211860;1839;3022;0,214276651;0,16492495;0,36;7;-2;7;7;0;;;;;;;;;;;;;
29/07/2020;29;2;31;193;224;18;18;2726;283;2787;446;3233;271097;213928;2068;3135;0,208154277;0,174002468;1,03;18;0;0;0;0;;;;;;;;;;;;;
30/07/2020;33;2;35;224;259;35;39;2730;283;2798;474;3272;274288;216010;2082;3191;0,453716532;0,375899264;0,87;31;0;4;4;0;;;;;;;;;;;;;
31/07/2020;38;2;40;235;275;16;16;2730;283;2809;479;3288;276773;217405;1395;2485;0,143655631;0,102665532;1,87;11;0;5;0;0;;;;;;;;;;;;;
01/08/2020;36;3;39;242;281;6;10;2734;283;2816;482;3298;279516;219093;1688;2743;0,098133917;0,077044908;1,15;7;1;-2;4;0;;;;;;;;;;;;;
02/08/2020;36;3;39;246;285;4;7;2737;283;2822;483;3305;280835;220126;1033;1319;0,032876956;0,032849368;0,59;4;0;0;3;0;;;;;;;;;;;;;
03/08/2020;36;3;39;249;288;3;3;2737;283;2824;484;3308;281658;220629;503;823;0,00876595;0,006839536;0,68;3;0;0;0;0;;;;;;;;;;;;;
04/08/2020;34;3;37;256;293;5;10;2741;284;2832;486;3318;284328;222225;1596;2670;0,09390563;0,071819102;0,60;7;0;-2;4;1;;;;;;;;;;;;;
05/08/2020;34;4;38;276;314;21;21;2741;284;2840;499;3339;286665;223645;1420;2337;0,171199833;0,133336314;0,63;20;1;0;0;0;;;;;;;;;;;;;
06/08/2020;37;4;41;301;342;28;30;2743;284;2853;516;3369;289460;225491;1846;2795;0,28967733;0,245597385;1,48;25;0;3;2;0;;;;;;;;;;;;;
07/08/2020;37;4;41;328;369;27;27;2743;284;2866;530;3396;291872;226979;1488;2412;0,223125206;0,177003159;1,63;27;0;0;0;0;;;;;;;;;;;;;
08/08/2020;37;4;41;356;397;28;28;2743;284;2885;539;3424;294383;228395;1416;2511;0,238831726;0,173593993;1,81;28;0;0;0;0;;;;;;;;;;;;;
09/08/2020;39;5;44;376;420;23;29;2749;284;2896;557;3453;295660;229444;1049;1277;0,125255361;0,132585729;1,98;20;1;2;6;0;;;;;;;;;;;;;
10/08/2020;45;6;51;399;450;30;32;2751;284;2910;575;3485;296533;230105;661;873;0,094208739;0,091923252;2,76;23;1;6;2;0;;;;;;;;;;;;;
11/08/2020;44;6;50;488;538;88;89;2752;284;2927;647;3574;299393;231949;1844;2860;0,850186878;0,707552091;4,84;89;0;-1;1;0;;;;;;;;;;;;;
12/08/2020;43;6;49;513;562;24;29;2757;284;2939;664;3603;301641;233597;1648;2248;0,216124466;0,204591669;4,83;25;0;-1;5;0;;;;;;;;;;;;;
13/08/2020;42;6;48;556;604;42;42;2757;284;2956;689;3645;303687;234950;1353;2046;0,282962392;0,241864226;1,76;43;0;-1;0;0;;;;;;;;;;;;;
14/08/2020;46;6;52;579;631;27;36;2766;284;2964;717;3681;305906;236593;1643;2219;0,261139043;0,249998943;3,10;23;0;4;9;0;;;;;;;;;;;;;
15/08/2020;47;5;52;625;677;46;46;2766;284;2979;748;3727;307936;237998;1405;2030;0,30324483;0,271556904;2,19;46;-1;1;0;0;;;;;;;;;;;;;
16/08/2020;51;5;56;656;712;35;39;2769;285;2986;780;3766;308979;238872;874;1043;0,131649724;0,14269567;3,27;31;0;4;3;1;;;;;;;;;;;;;
17/08/2020;54;6;60;658;718;6;14;2776;286;2991;789;3780;310605;240106;1234;1626;0,073289226;0,071951555;4,46;2;1;3;7;1;;;;;;;;;;;;;
18/08/2020;54;6;60;662;722;4;13;2785;286;2997;796;3793;313011;241613;1507;2406;0,099926201;0,081084213;1,13;4;0;0;9;0;;;;;;;;;;;;;
19/08/2020;53;8;61;705;766;44;45;2786;286;3009;829;3838;315870;243575;1962;2859;0,407303638;0,362475624;0,86;43;2;-1;1;0;;;;;;;;;;;;;
20/08/2020;41;8;49;741;790;24;37;2799;286;3024;851;3875;318852;245539;1964;2982;0,346035151;0,295952985;2,29;36;0;-12;13;0;;;;;;;;;;;;;
21/08/2020;45;8;53;775;828;38;44;2805;286;3034;885;3919;321981;247547;2008;3129;0,427590448;0,356910001;1,88;34;0;4;6;0;;;;;;;;;;;;;
22/08/2020;45;8;53;821;874;46;48;2807;286;3049;918;3967;324201;249033;1486;2220;0,328684982;0,286419872;2,19;46;0;0;2;0;;;;;;;;;;;;;
23/08/2020;50;10;60;843;903;29;35;2813;286;3060;942;4002;326347;250646;1613;2146;0,230153793;0,225237985;3,23;22;2;5;6;0;;;;;;;;;;;;;
24/08/2020;54;9;63;884;947;44;65;2834;286;3063;1004;4067;327815;251757;1111;1468;0,29107881;0,28684406;2,17;41;-1;4;21;0;;;;;;;;;;;;;
25/08/2020;53;10;63;884;947;0;24;2858;286;3070;1021;4091;330449;253585;1828;2634;0,191303348;0,173007078;5,85;0;1;-1;24;0;;;;;;;;;;;;;
26/08/2020;59;10;69;911;980;33;33;2858;286;3077;1047;4124;333802;256456;2871;3353;0,331480938;0,369431793;1,31;27;0;6;0;0;;;;;;;;;;;;;
27/08/2020;62;10;72;947;1019;39;50;2869;286;3102;1072;4174;337874;259530;3074;4072;0,602591499;0,592224406;1,15;36;0;3;11;0;;;;;;;;;;;;;
28/08/2020;69;9;78;980;1058;39;54;2884;286;3125;1103;4228;341110;261940;2410;3236;0,512280496;0,496831335;1,63;33;-1;7;15;0;;;;;;;;;;;;;
29/08/2020;70;10;80;1004;1084;26;29;2887;286;3137;1120;4257;343982;264227;2287;2872;0,242128949;0,251007656;2,24;24;1;1;3;0;;;;;;;;;;;;;
30/08/2020;68;10;78;1036;1114;30;34;2891;286;3152;1139;4291;346347;266061;1834;2365;0,232166007;0,234367307;1,27;32;0;-2;4;0;;;;;;;;;;;;;
31/08/2020;70;10;80;1045;1125;11;26;2906;286;3162;1155;4317;347662;267086;1025;1315;0,098342643;0,099780595;1,85;9;0;2;15;0;;;;;;;;;;;;;
01/09/2020;71;10;81;1071;1152;27;33;2911;287;3176;1174;4350;351872;269806;2720;4210;0,394831075;0,332683484;2,54;26;0;1;5;1;;;;;;;;;;;;;
02/09/2020;76;12;88;1139;1227;75;83;2919;287;3208;1225;4433;357499;272775;2969;5627;1,306412046;0,90340757;1,21;68;2;5;8;0;;;;;;;;;;;;;
03/09/2020;81;12;93;1159;1252;25;54;2947;288;3235;1252;4487;360966;275130;2355;3467;0,518658267;0,462217861;2,80;20;0;5;28;1;;;;;;;;;;;;;
04/09/2020;87;11;98;1186;1284;32;78;2993;288;3263;1302;4565;365207;277515;2385;4241;0,9057822;0,670342144;2,29;27;-1;6;46;0;;;;;;;;;;;;;
05/09/2020;88;12;100;1243;1343;59;114;3047;289;3314;1365;4679;370480;281041;3526;5273;1,622549125;1,430268182;3,27;57;1;1;54;1;;;;;;;;;;;;;
06/09/2020;86;13;99;1235;1334;-9;37;3093;289;3330;1386;4716;372801;282977;1936;2321;0,230356142;0,253137181;3,23;-8;1;-2;46;0;;;;;;;;;;;;;
07/09/2020;101;13;114;1265;1379;45;49;3097;289;3349;1416;4765;375134;284332;1355;2333;0,304736441;0,233512232;1,91;30;0;15;4;0;;;;;;;;;;;;;
08/09/2020;104;13;117;1337;1454;75;84;3106;289;3389;1460;4849;380348;287589;3257;5214;1,151513877;0,95131594;3,62;72;0;3;9;0;;;;;;;;;;;;;
09/09/2020;105;15;120;1407;1527;73;77;3110;289;3416;1510;4926;385131;290674;3085;4783;0,956274618;0,817221355;2,58;70;2;1;4;0;;;;;;;;;;;;;
10/09/2020;108;18;126;1477;1603;76;106;3140;289;3457;1575;5032;389738;293401;2727;4607;1,253000734;0,985211366;2,50;70;3;3;30;0;;;;;;;;;;;;;
11/09/2020;112;17;129;1577;1706;103;104;3141;289;3501;1635;5136;393950;295881;2480;4212;1,111938063;0,871701799;3,89;100;-1;4;1;0;;;;;;;;;;;;;
12/09/2020;116;18;134;1613;1747;41;44;3144;289;3535;1645;5180;397952;298359;2478;4002;0,442485526;0,365438951;4,19;36;1;4;3;0;;;;;;;;;;;;;
13/09/2020;120;17;137;1656;1793;46;61;3158;290;3556;1685;5241;400678;300490;2131;2726;0,415011555;0,432596759;1,78;43;-1;4;14;1;;;;;;;;;;;;;
14/09/2020;136;16;152;1690;1842;49;65;3172;292;3593;1713;5306;402836;301876;1386;2158;0,348206218;0,298433794;2,86;34;-1;16;14;2;;;;;;;;;;;;;
15/09/2020;141;17;158;1761;1919;77;77;3172;292;3640;1743;5383;407163;304795;2919;4327;0,818293902;0,737423514;4,69;71;1;5;0;0;;;;;;;;;;;;;
16/09/2020;155;16;171;1817;1988;69;90;3190;295;3690;1783;5473;412972;308515;3720;5809;1,265969606;1,085198451;2,64;56;-1;14;18;3;;;;;;;;;;;;;
17/09/2020;173;14;187;1856;2043;55;96;3231;295;3750;1819;5569;418470;312007;3492;5498;1,261280379;1,074437432;2,42;39;-2;18;41;0;;;;;;;;;;;;;
18/09/2020;179;15;194;1963;2157;114;179;3295;296;3859;1889;5748;424799;316122;4115;6329;2,666887163;2,330065608;2,75;107;1;6;64;1;;;;;;;;;;;;;
19/09/2020;191;13;204;2028;2232;75;98;3318;296;3929;1917;5846;429143;318845;2723;4344;0,992004996;0,836939579;4,35;65;-2;12;23;0;;;;;;;;;;;;;
20/09/2020;194;13;207;2109;2316;84;116;3350;296;4002;1960;5962;432263;321168;2323;3120;0,837268052;0,839025059;3,60;81;0;3;32;0;;;;;;;;;;;;;
21/09/2020;203;14;217;2131;2348;32;75;3390;299;4027;2010;6037;435365;323104;1936;3102;0,534379199;0,449390908;4,99;22;1;9;40;3;;;;;;;;;;;;;
22/09/2020;224;15;239;2151;2390;42;108;3455;300;4087;2058;6145;442373;327407;4303;7008;1,710918162;1,419407649;3,87;20;1;21;65;1;;;;;;;;;;;;;
23/09/2020;230;16;246;2166;2412;22;89;3519;303;4141;2093;6234;448412;331383;3976;6039;1,198609761;1,067839931;2,51;15;1;6;64;3;;;;;;;;;;;;;
24/09/2020;237;16;253;2208;2461;49;125;3594;304;4221;2138;6359;453581;334504;3121;5169;1,424497499;1,166279028;2,24;42;0;7;75;1;;;;;;;;;;;;;
25/09/2020;235;13;248;2282;2530;69;107;3630;306;4281;2185;6466;458911;337774;3270;5330;1,242746415;1,035870138;4,01;74;-3;-2;36;2;;;;;;;;;;;;;
26/09/2020;255;13;268;2315;2583;53;110;3687;306;4341;2235;6576;464469;342008;4234;5558;1,316298827;1,361781011;3,27;33;0;20;57;0;;;;;;;;;;;;;
27/09/2020;268;14;282;2377;2659;76;107;3716;308;4398;2285;6683;468671;345016;3008;4202;0,959338214;0,932872678;2,60;62;1;13;29;2;;;;;;;;;;;;;
28/09/2020;294;15;309;2434;2743;84;102;3733;309;4458;2327;6785;471085;346506;1490;2414;0,522682743;0,438607124;3,56;57;1;26;17;1;;;;;;;;;;;;;
29/09/2020;293;16;309;2478;2787;44;163;3851;310;4541;2407;6948;477200;350664;4158;6115;2,088736379;1,932773253;6,85;44;1;-1;118;1;;;;;;;;;;;;;
30/09/2020;301;19;320;2546;2866;79;170;3941;311;4641;2477;7118;483845;354475;3811;6645;2,334735297;1,827688836;3,92;68;3;8;90;1;;;;;;;;;;;;;
01/10/2020;307;20;327;2609;2936;70;156;4026;312;4726;2548;7274;490482;358336;3861;6637;2,110927618;1,680869352;4,46;63;1;6;85;1;;;;;;;;;;;;;
02/10/2020;303;21;324;2724;3048;112;140;4052;314;4821;2593;7414;496034;362142;3806;5552;1,56698936;1,47135654;4,04;115;1;-4;26;2;;;;;;;;;;;;;
03/10/2020;322;20;342;2829;3171;123;182;4108;317;4931;2665;7596;502672;366048;3906;6638;2,403388293;1,942073171;3,68;105;-1;19;56;3;;;;;;;;;;;;;
04/10/2020;329;24;353;2894;3247;76;85;4115;319;4981;2700;7681;506170;368405;2357;3498;0,587411344;0,543817266;4,66;65;4;7;7;2;;;;;;;;;;;;;
05/10/2020;361;28;389;2969;3358;111;128;4130;321;5062;2747;7809;508826;370087;1682;2656;0,668141958;0,581744293;3,61;75;4;32;15;2;;;;;;;;;;;;;
06/10/2020;368;28;396;3052;3448;90;198;4237;322;5174;2833;8007;515580;374604;4517;6754;2,593762365;2,387497197;7,61;83;0;7;107;1;;;;;;;;;;;;;
07/10/2020;375;30;405;3144;3549;101;213;4345;326;5299;2921;8220;522159;378610;4006;6579;2,683717029;2,253712263;4,38;92;2;7;108;4;;;;;;;;;;;;;
08/10/2020;376;33;409;3287;3696;147;259;4454;329;5441;3038;8479;529533;383416;4806;7374;3,606698733;3,246484236;5,32;143;3;1;109;3;;;;;;;;;;;;;
09/10/2020;376;35;411;3490;3901;205;233;4478;333;5583;3129;8712;536684;387714;4298;7151;3,104588547;2,582919368;5,39;203;2;0;24;4;;;;;;;;;;;;;
10/10/2020;387;35;422;3721;4143;242;285;4519;335;5782;3215;8997;544425;392395;4681;7741;4,052321256;3,39985219;5,42;231;0;11;41;2;;;;;;;;;;;;;
11/10/2020;388;38;426;3975;4401;258;297;4557;336;5953;3341;9294;548934;395172;2777;4509;2,439588366;2,087113966;6,09;254;3;1;38;1;;;;;;;;;;;;;
12/10/2020;404;42;446;4236;4682;281;298;4571;339;6133;3459;9592;552826;397546;2374;3892;2,097976579;1,779547524;10,69;261;4;16;14;3;;;;;;;;;;;;;
13/10/2020;426;44;470;4407;4877;195;334;4708;341;6366;3560;9926;561166;402751;5205;8340;4,963878781;4,316488351;12,55;171;2;22;137;2;;;;;;;;;;;;;
14/10/2020;447;49;496;4691;5187;310;366;4762;343;6582;3710;10292;568187;407145;4394;7021;4,522606114;3,949953948;6,42;284;5;21;54;2;;;;;;;;;;;;;
15/10/2020;468;52;520;4967;5487;300;399;4854;350;6856;3835;10691;575631;411784;4639;7444;5,159826347;4,494980378;8,33;276;3;21;92;7;;;;;;;;;;;;;
16/10/2020;471;58;529;5405;5934;447;578;4975;360;7238;4031;11269;583340;416980;5196;7709;7,638430418;7,202474939;8,60;438;6;3;121;10;;;;;;;;;;;;;
17/10/2020;479;61;540;5741;6281;347;475;5101;362;7493;4251;11744;589079;422068;5088;5739;4,627605126;5,72609153;11,12;336;3;8;126;2;;;;;;;;;;;;;
18/10/2020;493;70;563;6227;6790;509;548;5137;365;7835;4457;12292;595469;426503;4435;6390;5,880608394;5,698388991;9,34;486;9;14;36;3;;;;;;;;;;;;;
19/10/2020;521;72;593;6426;7019;229;362;5267;368;8095;4559;12654;598721;428508;2005;3252;1,96623135;1,69380735;12,36;199;2;28;130;3;;;;;;;;;;;;;
20/10/2020;542;77;619;6878;7497;478;574;5353;378;8485;4743;13228;606852;434040;5532;8131;7,690827418;7,315841858;18,05;452;5;21;86;10;;;;;;;;;;;;;
21/10/2020;565;83;648;7202;7850;353;562;5551;389;8879;4911;13790;614264;437540;3500;7412;6,781357853;4,495588975;10,38;324;6;23;198;11;;;;;;;;;;;;;
22/10/2020;588;89;677;7863;8540;690;796;5649;397;9374;5212;14586;621996;442472;4932;7732;9,895034695;8,872588548;16,06;661;6;23;98;8;;;;;;;;;;;;;
23/10/2020;593;89;682;8454;9136;596;730;5772;408;9894;5422;15316;630011;447704;5232;8015;9,287060067;8,530993692;16,14;591;0;5;123;11;;;;;;;;;;;;;
24/10/2020;606;90;696;9193;9889;753;886;5896;417;10410;5792;16202;637158;452738;5034;7147;9,938260212;9,85144609;13,95;739;1;13;124;9;;;;;;;;;;;;;
25/10/2020;642;95;737;9818;10555;666;695;5914;428;10855;6042;16897;642351;456572;3834;5193;5,618633738;5,836166037;17,60;625;5;36;18;11;;;;;;;;;;;;;
26/10/2020;677;98;775;10170;10945;390;568;6081;439;11173;6292;17465;647327;459725;3153;4976;4,366213676;3,895598456;18,13;352;3;35;167;11;;;;;;;;;;;;;
27/10/2020;727;103;830;10904;11734;789;860;6142;449;11733;6592;18325;654651;464116;4391;7324;9,621370776;8,136457265;18,01;734;5;50;61;10;;;;;;;;;;;;;
28/10/2020;787;111;898;11290;12188;454;708;6386;459;12141;6892;19033;662150;468458;4342;7499;8,018261723;6,562244641;19,59;386;8;60;244;10;;;;;;;;;;;;;
29/10/2020;839;115;954;11791;12745;557;789;6605;472;12621;7201;19822;669376;472930;4472;7226;8,517356463;7,46074049;16,31;501;4;52;219;13;;;;;;;;;;;;;
30/10/2020;895;117;1012;12552;13564;819;984;6758;484;13165;7641;20806;676669;477579;4649;7293;10,60535062;9,578762885;17,64;761;2;56;153;12;;;;;;;;;;;;;
31/10/2020;962;122;1084;13358;14442;878;952;6814;502;13785;7973;21758;684775;482882;5303;8106;11,26926655;10,45484404;21,17;806;5;67;56;18;;;;;;;;;;;;;
01/11/2020;999;132;1131;14193;15324;882;1095;7011;518;14475;8378;22853;693322;488072;5190;8547;13,49872786;11,64387631;17,95;835;10;37;197;16;;;;;;;;;;;;;
02/11/2020;1025;142;1167;14897;16064;740;1024;7277;536;15095;8782;23877;701356;492862;4790;8034;11,72987185;9,951994676;21,10;704;10;26;266;18;;;;;;;;;;;;;
03/11/2020;1072;150;1222;15584;16806;742;1048;7569;550;15643;9282;24925;709371;497218;4356;8015;11,84108175;9,181260534;21,38;687;8;47;292;14;;;;;;;;;;;;;
04/11/2020;1105;148;1253;16365;17618;812;1155;7893;569;16243;9837;26080;718747;503610;6392;9376;15,06688724;14,65967713;24,06;781;-2;33;324;19;;;;;;;;;;;;;
05/11/2020;1147;157;1304;17222;18526;908;1322;8282;594;17045;10357;27402;728244;509301;5691;9497;17,24014753;14,77221132;18,07;857;9;42;389;25;;;;;;;;;;;;;
06/11/2020;1157;159;1316;18197;19513;987;1423;8684;628;17968;10857;28825;737769;514907;5606;9525;18,37170578;15,49277442;23,23;975;2;10;402;34;;;;;;;;;;;;;
07/11/2020;1161;169;1330;19407;20737;1224;1363;8788;663;18728;11460;30188;746200;520508;5601;8431;15,39996382;14,6667544;25,38;1210;10;4;104;35;;;;;;;;;;;;;
08/11/2020;1250;177;1427;20040;21467;730;1083;9128;676;19378;11893;31271;753094;525013;4505;6894;9,914037291;9,292941318;24,33;633;8;89;340;13;;;;;;;;;;;;;
09/11/2020;1303;187;1490;20449;21939;472;1023;9652;703;19998;12296;32294;761552;529908;4895;8458;11,36171135;9,449913947;24,04;409;10;53;524;27;;;;;;;;;;;;;
10/11/2020;1348;195;1543;21289;22832;893;1201;9928;735;20749;12746;33495;770408;535921;6013;8856;13,80574449;13,47514466;20,90;840;8;45;276;32;;;;;;;;;;;;;
11/11/2020;1376;202;1578;21986;23564;732;1487;10656;762;21594;13388;34982;780247;541877;5956;9839;18,75123262;16,34424786;19,97;697;7;28;728;27;;;;;;;;;;;;;
12/11/2020;1391;205;1596;23318;24914;1350;1692;10958;802;22634;14040;36674;789702;548214;6337;9455;20,25809736;19,55842791;24,97;1332;3;15;302;40;;;;;;;;;;;;;
13/11/2020;1450;210;1660;24626;26286;1372;1707;11258;837;23824;14557;38381;799919;554557;6343;10217;21,80273128;19,52459531;26,70;1308;5;59;300;35;;;;;;;;;;;;;
14/11/2020;1462;215;1677;26129;27806;1520;1729;11444;860;24924;15186;40110;809193;560736;6179;9274;19,81572505;19,05262191;26,91;1503;5;12;186;23;;;;;;;;;;;;;
15/11/2020;1476;217;1693;27114;28807;1001;1422;11829;896;25806;15726;41532;816609;565253;4517;7416;12,91383269;11,36336119;27,98;985;2;14;385;36;;;;;;;;;;;;;
